"student_id","test_1",
"111","4",
"1801","12",
"1802","10",
"1803","8",
"1804","5",
"1805","9",
"1806","8",
"1807","11",
"1808","11",
"1809","7",
"1810","9",
"1811","12",
"1812","11",
"1813","6",
"1814","8",
"1815","11",
"1816","5",
"1817","11",
"1818","12",
"1819","8",
"1820","9",
"1821","9",
"1822","9",
"1824","11",
"1825","11",
"1826","10",
"1828","7",
"1829","8",
"1830","11",
"1831","3",
"1832","7",
"1833","12",
"1834","7",
"1835","5",
"1836","7",
"1837","7",
"1838","7",
"1839","8",
"1840","6",
"1841","10",
"1842","9",
"1843","9",
"1844","9",
"1845","9",
"1846","12",
"1847","14",
"1848","12",
"1849","10",
"1850","10",
"1851","11",
"1852","9",
"1853","10",
"1854","7",
"1855","6",
"1857","8",
"1858","4",
"1859","10",
"1862","4",
"1863","4",
"1864","10",
"1866","11",
"1869","6",
"1870","6",
"1872","6",
"1874","8",
"1875","9",
"1876","9",
"1877","11",
"1879","10",
"1883","8",
"1884","5",
"1886","8",
"1887","3",
"1888","9",
"1889","9",
"1890","10",
"1891","8",
"1894","10",
"1896","7",
"1897","8",
"1898","7",
"1899","7",
"1901","10",
"1903","9",
"1904","4",
"1906","9",
"1907","7",
"1911","14",
"1912","11",
"1914","5",
"1915","10",
"1916","5",
"1917","9",
"1918","11",
"1919","9",
"1920","11",
"777","1",
"827","12",
"865","6",
"admin","0",
